Workbook
Name demo: #REF!
Name demo: #REF!
Name demo: #REF!
Name demo: #REF!
Name wenjian: #REF!
Name wenjian: #REF!
Name wenjian: #REF!
Name wenjian: #REF!
Name 教师总课程表: #REF!
Name 教师总课程表: #REF!
Name 教师总课程表: #REF!
Name 教师总课程表: #REF!
Name 未设置课程表: #REF!
Name 未设置课程表: #REF!
Name 未设置课程表: #REF!
Name 未设置课程表: #REF!
Name 总课程表: #REF!
Name 总课程表: #REF!
Name 总课程表: #REF!
Name 总课程表: #REF!

Sheet 总课表
A1: 2022-2023学年22级第一学期入学教育（下埠教学点 10月7日起执行） （第1节 8:10-8:55 第2节 9:05-9:50 第3节 映荷楼（10:05-10:50） 践行楼（10:20-11:05） 第4节 映荷楼（11:00-11:45） 践行楼（11:15-12:00 ） 第5节 14:10-14:55 第6节 15:05-15:50 第7、8节 19:00-20:30）
B2: 人数 | C2: 六1∽2 | D2: 六3∽4 | E2: 六5∽6 | F2: 六7~8 | G2: 日1∽2 | H2: 日3∽4 | I2: 日5∽6 | J2: 日7~8 | K2: 一1∽2 | L2: 一3∽4 | M2: 一5∽6 | N2: 一7~8 | O2: 二1∽2 | P2: 二3∽4 | Q2: 二5∽6 | R2: 二7~8 | S2: 三1∽2 | T2: 三3∽4 | U2: 三5∽6 | V2: 三7~8 | W2: 四1∽2 | X2: 四3∽4 | Y2: 四5∽6 | Z2: 四7~8 | AA2: 五1∽2 | AB2: 五3∽4 | AC2: 五5∽6
A3: 23大数据与会计(五年制) | B3: 22 | C3: 教材发放 劳动教育 -班主任 | D3: 教材发放 劳动教育 -班主任 | E3: 教材发放 劳动教育 -班主任 | F3: 班级事务 -班主任安排 班会教室 | G3: 军事理论教育 肖锋 报告厅 | H3: 资助政策 吴一峰 践行楼201 | J3: 晚自习 班会教室 | K3: 心理健康教育 钟健友 报告厅 | L3: 团课 黎海春 践行楼201 | N3: 晚自习 班会教室 | O3: 党的知识 邱航 报告厅 | P3: 学籍与考试管理 李含笑 践行楼201 | R3: 晚自习 班会教室 | S3: 安全教育 刘湘力 报告厅 | V3: 晚自习 班会教室 | W3: 校史学习 刘湘力 报告厅 | Y3: 学生管理规定 叶凡 践行楼201 | Z3: 晚自习 班会教室 | AA3: 自主复习 | AB3: 入学教育考试 曾舒琪 映荷楼201
A4: 23计算机应用技术(五年制) | B4: 30 | C4: 教材发放 劳动教育 -班主任 | D4: 教材发放 劳动教育 -班主任 | E4: 教材发放 劳动教育 -班主任 | F4: 班级事务 -班主任安排 班会教室 | G4: 军事理论教育 肖锋 报告厅 | H4: 资助政策 吴一峰 践行楼201 | J4: 晚自习 班会教室 | K4: 心理健康教育 钟健友 报告厅 | L4: 团课 黎海春 践行楼201 | N4: 晚自习 班会教室 | O4: 党的知识 邱航 报告厅 | P4: 学籍与考试管理 李含笑 践行楼201 | R4: 晚自习 班会教室 | S4: 安全教育 刘湘力 报告厅 | V4: 晚自习 班会教室 | W4: 校史学习 刘湘力 报告厅 | Y4: 学生管理规定 叶凡 践行楼201 | Z4: 晚自习 班会教室 | AA4: 自主复习 | AB4: 入学教育考试 曾舒琪 映荷楼201
A5: 23工程造价1 | B5: 60 | C5: 教材发放 劳动教育 -班主任 | D5: 教材发放 劳动教育 -班主任 | E5: 教材发放 劳动教育 -班主任 | F5: 班级事务 -班主任安排 班会教室 | G5: 军事理论教育 肖锋 报告厅 | H5: 资助政策 吴一峰 践行楼201 | I5: 形势与政策 李银 践行楼102 | J5: 晚自习 班会教室 | K5: 心理健康教育 钟健友 报告厅 | L5: 团课 黎海春 践行楼201 | M5: 形势与政策 李银 践行楼104 | N5: 晚自习 班会教室 | O5: 党的知识 邱航 报告厅 | P5: 学籍与考试管理 李含笑 践行楼201 | Q5: 形势与政策 李银 践行楼102 | R5: 晚自习 班会教室 | S5: 安全教育 刘湘力 报告厅 | V5: 晚自习 班会教室 | W5: 校史学习 刘湘力 报告厅 | Y5: 学生管理规定 叶凡 践行楼201 | Z5: 晚自习 班会教室 | AA5: 自主复习 | AB5: 入学教育考试 黎海春 践行楼201
A6: 23工程造价2 | B6: 52 | C6: 教材发放 劳动教育 -班主任 | D6: 教材发放 劳动教育 -班主任 | E6: 教材发放 劳动教育 -班主任 | F6: 班级事务 -班主任安排 班会教室 | G6: 军事理论教育 肖锋 报告厅 | I6: 形势与政策 李银 践行楼102 | J6: 晚自习 班会教室 | K6: 心理健康教育 钟健友 报告厅 | L6: 资助政策 吴一峰 践行楼202 | M6: 形势与政策 李银 践行楼104 | N6: 晚自习 班会教室 | O6: 党的知识 邱航 报告厅 | P6: 团课 黎海春 践行楼202 | Q6: 形势与政策 李银 践行楼102 | R6: 晚自习 班会教室 | S6: 安全教育 刘湘力 报告厅 | V6: 晚自习 班会教室 | W6: 校史学习 刘湘力 报告厅 | X6: 学生管理规定 叶凡 践行楼201 | Y6: 学籍与考试管理 李含笑 践行楼202 | Z6: 晚自习 班会教室 | AA6: 自主复习 | AB6: 入学教育考试 黎海春 践行楼201
A7: 23工程造价3 | B7: 52 | C7: 教材发放 劳动教育 -班主任 | D7: 教材发放 劳动教育 -班主任 | E7: 教材发放 劳动教育 -班主任 | F7: 班级事务 -班主任安排 班会教室 | G7: 军事理论教育 肖锋 报告厅 | J7: 晚自习 班会教室 | K7: 心理健康教育 钟健友 报告厅 | L7: 资助政策 吴一峰 践行楼202 | N7: 形势与政策 潘威全 践行楼202 | O7: 党的知识 邱航 报告厅 | P7: 团课 黎海春 践行楼202 | R7: 晚自习 班会教室 | S7: 安全教育 刘湘力 报告厅 | V7: 晚自习 班会教室 | W7: 校史学习 刘湘力 报告厅 | X7: 学生管理规定 叶凡 践行楼201 | Y7: 学籍与考试管理 李含笑 践行楼202 | Z7: 晚自习 班会教室 | AA7: 自主复习 | AB7: 入学教育考试 肖继林 践行楼203
A8: 23学前教育4 | B8: 54 | C8: 教材发放 劳动教育 -班主任 | D8: 教材发放 劳动教育 -班主任 | E8: 教材发放 劳动教育 -班主任 | F8: 班级事务 -班主任安排 班会教室 | G8: 军事理论教育 肖锋 报告厅 | I8: 资助政策 吴一峰 践行楼201 | J8: 晚自习 班会教室 | K8: 心理健康教育 钟健友 报告厅 | M8: 学生管理规定 叶凡 践行楼201 | N8: 形势与政策 李银 践行楼201 | O8: 党的知识 邱航 报告厅 | Q8: 团课 黎海春 践行楼201 | R8: 晚自习 班会教室 | S8: 安全教育 刘湘力 报告厅 | T8: 形势与政策 李银 践行楼201 | U8: 学籍与考试管理 李含笑 践行楼201 | V8: 形势与政策 李银 践行楼201 | W8: 校史学习 刘湘力 报告厅 | Y8: 形势与政策 李银 践行楼101 | Z8: 晚自习 班会教室 | AA8: 自主复习 | AB8: 入学教育考试 叶凡 践行楼102
A9: 23工程测量技术 | B9: 67 | C9: 教材发放 劳动教育 -班主任 | D9: 教材发放 劳动教育 -班主任 | E9: 教材发放 劳动教育 -班主任 | F9: 班级事务 -班主任安排 班会教室 | H9: 军事理论教育 肖锋 报告厅 | I9: 资助政策 吴一峰 践行楼201 | J9: 晚自习 班会教室 | L9: 心理健康教育 钟健友 报告厅 | M9: 学生管理规定 叶凡 践行楼201 | N9: 形势与政策 潘威全 践行楼202 | P9: 党的知识 邱航 报告厅 | Q9: 团课 黎海春 践行楼201 | R9: 晚自习 班会教室 | T9: 安全教育 刘湘力 报告厅 | U9: 学籍与考试管理 李含笑 践行楼201 | V9: 晚自习 班会教室 | X9: 校史学习 刘湘力 报告厅 | Z9: 晚自习 班会教室 | AA9: 自主复习 | AB9: 入学教育考试 肖继林 践行楼203
A10: 23建设工程管理 | B10: 45 | C10: 教材发放 劳动教育 -班主任 | D10: 教材发放 劳动教育 -班主任 | E10: 教材发放 劳动教育 -班主任 | F10: 班级事务 -班主任安排 班会教室 | G10: 资助政策 吴一峰 践行楼201 | H10: 军事理论教育 肖锋 报告厅 | J10: 晚自习 班会教室 | K10: 学生管理规定 叶凡 践行楼201 | L10: 心理健康教育 钟健友 报告厅 | M10: 团课 黎海春 践行楼202 | N10: 晚自习 班会教室 | P10: 党的知识 邱航 报告厅 | Q10: 学籍与考试管理 李含笑 践行楼202 | R10: 晚自习 班会教室 | T10: 安全教育 刘湘力 报告厅 | U10: 形势与政策 潘威全 践行楼104 | V10: 晚自习 班会教室 | X10: 校史学习 刘湘力 报告厅 | Z10: 晚自习 班会教室 | AA10: 自主复习 | AB10: 入学教育考试 廖静 映荷楼301
A11: 23建筑工程技术1 | B11: 50 | C11: 教材发放 劳动教育 -班主任 | D11: 教材发放 劳动教育 -班主任 | E11: 教材发放 劳动教育 -班主任 | F11: 班级事务 -班主任安排 班会教室 | G11: 资助政策 吴一峰 践行楼201 | H11: 军事理论教育 肖锋 报告厅 | J11: 晚自习 班会教室 | K11: 学生管理规定 叶凡 践行楼201 | L11: 心理健康教育 钟健友 报告厅 | M11: 团课 黎海春 践行楼202 | N11: 晚自习 班会教室 | P11: 党的知识 邱航 报告厅 | Q11: 学籍与考试管理 李含笑 践行楼202 | R11: 晚自习 班会教室 | T11: 安全教育 刘湘力 报告厅 | U11: 形势与政策 潘威全 践行楼104 | V11: 晚自习 班会教室 | X11: 校史学习 刘湘力 报告厅 | Z11: 晚自习 班会教室 | AA11: 自主复习 | AB11: 入学教育考试 叶群群 践行楼101
A12: 23建筑工程技术2 | B12: 45 | C12: 教材发放 劳动教育 -班主任 | D12: 教材发放 劳动教育 -班主任 | E12: 教材发放 劳动教育 -班主任 | F12: 班级事务 -班主任安排 班会教室 | H12: 军事理论教育 肖锋 报告厅 | J12: 晚自习 班会教室 | K12: 团课 黎海春 践行楼202 | L12: 心理健康教育 钟健友 报告厅 | M12: 资助政策 吴一峰 践行楼203 | N12: 晚自习 班会教室 | O12: 学籍与考试管理 李含笑 践行楼201 | P12: 党的知识 邱航 报告厅 | Q12: 形势与政策 潘威全 践行楼103 | R12: 晚自习 班会教室 | T12: 安全教育 刘湘力 报告厅 | V12: 晚自习 班会教室 | W12: 学生管理规定 叶凡 践行楼201 | X12: 校史学习 刘湘力 报告厅 | Z12: 晚自习 班会教室 | AA12: 自主复习 | AB12: 入学教育考试 叶群群 践行楼101
A13: 23建筑工程技术3 | B13: 41 | C13: 教材发放 劳动教育 -班主任 | D13: 教材发放 劳动教育 -班主任 | E13: 教材发放 劳动教育 -班主任 | F13: 班级事务 -班主任安排 班会教室 | H13: 军事理论教育 肖锋 报告厅 | J13: 晚自习 班会教室 | K13: 团课 黎海春 践行楼202 | L13: 心理健康教育 钟健友 报告厅 | M13: 资助政策 吴一峰 践行楼203 | N13: 晚自习 班会教室 | O13: 学籍与考试管理 李含笑 践行楼201 | P13: 党的知识 邱航 报告厅 | Q13: 形势与政策 潘威全 践行楼103 | R13: 晚自习 班会教室 | T13: 安全教育 刘湘力 报告厅 | V13: 晚自习 班会教室 | W13: 学生管理规定 叶凡 践行楼201 | X13: 校史学习 刘湘力 报告厅 | Z13: 晚自习 班会教室 | AA13: 自主复习 | AB13: 入学教育考试 张涛 映荷楼302
A14: 23建筑室内设计1 | B14: 52 | C14: 教材发放 劳动教育 -班主任 | D14: 教材发放 劳动教育 -班主任 | E14: 教材发放 劳动教育 -班主任 | F14: 班级事务 -班主任安排 班会教室 | I14: 军事理论教育 肖锋 报告厅 | J14: 晚自习 班会教室 | K14: 资助政策 吴一峰 践行楼203 | L14: 学生管理规定 叶凡 践行楼203 | M14: 心理健康教育 钟健友 报告厅 | N14: 晚自习 班会教室 | O14: 团课 黎海春 践行楼202 | P14: 形势与政策 潘威全 践行楼104 | Q14: 党的知识 邱航 报告厅 | R14: 晚自习 班会教室 | S14: 学籍与考试管理 李含笑 践行楼201 | U14: 安全教育 刘湘力 报告厅 | V14: 晚自习 班会教室 | Y14: 校史学习 刘湘力 报告厅 | Z14: 晚自习 班会教室 | AA14: 自主复习 | AB14: 入学教育考试 黄子豪 映荷楼302
A15: 23建筑室内设计2 | B15: 51 | C15: 教材发放 劳动教育 -班主任 | D15: 教材发放 劳动教育 -班主任 | E15: 教材发放 劳动教育 -班主任 | F15: 班级事务 -班主任安排 班会教室 | I15: 军事理论教育 肖锋 报告厅 | J15: 晚自习 班会教室 | K15: 资助政策 吴一峰 践行楼203 | L15: 学生管理规定 叶凡 践行楼203 | M15: 心理健康教育 钟健友 报告厅 | N15: 晚自习 班会教室 | O15: 团课 黎海春 践行楼202 | P15: 形势与政策 潘威全 践行楼104 | Q15: 党的知识 邱航 报告厅 | R15: 晚自习 班会教室 | S15: 学籍与考试管理 李含笑 践行楼201 | U15: 安全教育 刘湘力 报告厅 | V15: 晚自习 班会教室 | Y15: 校史学习 刘湘力 报告厅 | Z15: 晚自习 班会教室 | AA15: 自主复习 | AB15: 入学教育考试 陈燕 践行楼103
A16: 23建筑室内设计3 | B16: 53 | C16: 教材发放 劳动教育 -班主任 | D16: 教材发放 劳动教育 -班主任 | E16: 教材发放 劳动教育 -班主任 | F16: 班级事务 -班主任安排 班会教室 | G16: 团课 黎海春 践行楼202 | I16: 军事理论教育 肖锋 报告厅 | J16: 晚自习 班会教室 | M16: 心理健康教育 钟健友 报告厅 | N16: 晚自习 班会教室 | Q16: 党的知识 邱航 报告厅 | R16: 晚自习 班会教室 | S16: 资助政策 吴一峰 践行楼202 | T16: 学生管理规定 叶凡 践行楼101 | U16: 安全教育 刘湘力 报告厅 | V16: 晚自习 班会教室 | W16: 形势与政策 潘威全 践行楼103 | X16: 学籍与考试管理 李含笑 践行楼202 | Y16: 校史学习 刘湘力 报告厅 | Z16: 晚自习 班会教室 | AA16: 自主复习 | AB16: 入学教育考试 陈燕 践行楼103
A17: 23建筑室内设计4 | B17: 52 | C17: 教材发放 劳动教育 -班主任 | D17: 教材发放 劳动教育 -班主任 | E17: 教材发放 劳动教育 -班主任 | F17: 班级事务 -班主任安排 班会教室 | G17: 团课 黎海春 践行楼202 | I17: 军事理论教育 肖锋 报告厅 | J17: 晚自习 班会教室 | M17: 心理健康教育 钟健友 报告厅 | N17: 晚自习 班会教室 | Q17: 党的知识 邱航 报告厅 | R17: 晚自习 班会教室 | S17: 资助政策 吴一峰 践行楼202 | T17: 学生管理规定 叶凡 践行楼101 | U17: 安全教育 刘湘力 报告厅 | V17: 晚自习 班会教室 | W17: 形势与政策 潘威全 践行楼103 | X17: 学籍与考试管理 李含笑 践行楼202 | Y17: 校史学习 刘湘力 报告厅 | Z17: 晚自习 班会教室 | AA17: 自主复习 | AB17: 入学教育考试 王诗怡 映荷楼303
A18: 23建筑室内设计5 | B18: 46 | C18: 教材发放 劳动教育 -班主任 | D18: 教材发放 劳动教育 -班主任 | E18: 教材发放 劳动教育 -班主任 | F18: 班级事务 -班主任安排 班会教室 | H18: 团课 黎海春 映荷楼201 | I18: 军事理论教育 肖锋 报告厅 | J18: 晚自习 班会教室 | M18: 心理健康教育 钟健友 报告厅 | N18: 晚自习 班会教室 | Q18: 党的知识 邱航 报告厅 | R18: 晚自习 班会教室 | S18: 学生管理规定 叶凡 映荷楼204 | T18: 资助政策 吴一峰 映荷楼201 | U18: 安全教育 刘湘力 报告厅 | V18: 晚自习 班会教室 | W18: 学籍与考试管理 李含笑 映荷楼302 | X18: 形势与政策 潘威全 践行楼103 | Y18: 校史学习 刘湘力 报告厅 | Z18: 晚自习 班会教室 | AA18: 自主复习 | AB18: 入学教育考试 欧阳谨 映荷楼402
A19: 23建筑室内设计6 | B19: 34 | C19: 教材发放 劳动教育 -班主任 | D19: 教材发放 劳动教育 -班主任 | E19: 教材发放 劳动教育 -班主任 | F19: 班级事务 -班主任安排 班会教室 | G19: 心理健康教育 钟健友 践行楼203 | H19: 安全教育 刘湘力 践行楼203 | J19: 晚自习 班会教室 | K19: 校史学习 刘湘力 践行楼102 | M19: 学籍与考试管理 李含笑 践行楼102 | N19: 晚自习 班会教室 | O19: 资助政策 吴一峰 践行楼203 | P19: 学生管理规定 叶凡 践行楼203 | R19: 晚自习 班会教室 | T19: 党的知识 邱航 践行楼102 | V19: 晚自习 班会教室 | W19: 军事理论教育 肖锋 践行楼202 | X19: 形势与政策 潘威全 践行楼103 | Y19: 团课 黎海春 践行楼203 | Z19: 晚自习 班会教室 | AA19: 自主复习 | AB19: 入学教育考试 欧阳瑾 映荷楼402
A20: 23学前教育1 | B20: 54 | C20: 教材发放 劳动教育 -班主任 | D20: 教材发放 劳动教育 -班主任 | E20: 教材发放 劳动教育 -班主任 | F20: 班级事务 -班主任安排 班会教室 | G20: 心理健康教育 钟健友 践行楼203 | H20: 安全教育 刘湘力 践行楼203 | J20: 形势与政策 李银 报告厅 | K20: 校史学习 刘湘力 践行楼102 | M20: 学籍与考试管理 李含笑 践行楼102 | N20: 晚自习 班会教室 | O20: 资助政策 吴一峰 践行楼203 | P20: 学生管理规定 叶凡 践行楼203 | R20: 形势与政策 李银 报告厅 | T20: 党的知识 邱航 践行楼102 | V20: 晚自习 班会教室 | W20: 军事理论教育 肖锋 践行楼202 | Y20: 团课 黎海春 践行楼203 | Z20: 晚自习 班会教室 | AA20: 自主复习 | AB20: 入学教育考试 贺春 映荷楼304
A21: 23学前教育7 | B21: 33 | C21: 教材发放 劳动教育 -班主任 | D21: 教材发放 劳动教育 -班主任 | E21: 教材发放 劳动教育 -班主任 | F21: 班级事务 -班主任安排 班会教室 | G21: 心理健康教育 钟健友 践行楼203 | H21: 安全教育 刘湘力 践行楼203 | J21: 形势与政策 李银 报告厅 | K21: 校史学习 刘湘力 践行楼102 | M21: 学籍与考试管理 李含笑 践行楼102 | N21: 晚自习 班会教室 | O21: 资助政策 吴一峰 践行楼203 | P21: 学生管理规定 叶凡 践行楼203 | R21: 形势与政策 李银 报告厅 | T21: 党的知识 邱航 践行楼102 | V21: 晚自习 班会教室 | W21: 军事理论教育 肖锋 践行楼202 | Y21: 团课 黎海春 践行楼203 | Z21: 晚自习 班会教室 | AA21: 自主复习 | AB21: 入学教育考试 王隆平 报告厅
A22: 23学前教育2 | B22: 54 | C22: 教材发放 劳动教育 -班主任 | D22: 教材发放 劳动教育 -班主任 | E22: 教材发放 劳动教育 -班主任 | F22: 班级事务 -班主任安排 班会教室 | H22: 心理健康教育 钟健友 践行楼102 | I22: 安全教育 刘湘力 践行楼202 | J22: 形势与政策 李银 报告厅 | K22: 学籍与考试管理 李含笑 映荷楼202 | L22: 校史学习 刘湘力 践行楼102 | N22: 晚自习 班会教室 | P22: 资助政策 吴一峰 践行楼102 | Q22: 学生管理规定 叶凡 践行楼203 | R22: 形势与政策 李银 报告厅 | S22: 党的知识 邱航 映荷楼202 | V22: 晚自习 班会教室 | W22: 团课 黎海春 践行楼203 | X22: 军事理论教育 肖锋 践行楼203 | Z22: 晚自习 班会教室 | AA22: 自主复习 | AB22: 入学教育考试 黄伟英 映荷楼403
A23: 23学前教育3 | B23: 54 | C23: 教材发放 劳动教育 -班主任 | D23: 教材发放 劳动教育 -班主任 | E23: 教材发放 劳动教育 -班主任 | F23: 班级事务 -班主任安排 班会教室 | H23: 心理健康教育 钟健友 践行楼102 | I23: 安全教育 刘湘力 践行楼202 | J23: 晚自习 班会教室 | K23: 学籍与考试管理 李含笑 映荷楼202 | L23: 校史学习 刘湘力 践行楼102 | N23: 形势与政策 李银 践行楼201 | P23: 资助政策 吴一峰 践行楼102 | Q23: 学生管理规定 叶凡 践行楼203 | R23: 晚自习 班会教室 | S23: 党的知识 邱航 映荷楼202 | T23: 形势与政策 李银 践行楼201 | V23: 形势与政策 李银 践行楼201 | W23: 团课 黎海春 践行楼203 | X23: 军事理论教育 肖锋 践行楼203 | Y23: 形势与政策 李银 践行楼101 | Z23: 晚自习 班会教室 | AA23: 自主复习 | AB23: 入学教育考试 叶凡 践行楼102
A24: 23学前教育5 | B24: 54 | C24: 教材发放 劳动教育 -班主任 | D24: 教材发放 劳动教育 -班主任 | E24: 教材发放 劳动教育 -班主任 | F24: 班级事务 -班主任安排 班会教室 | G24: 安全教育 刘湘力 践行楼401 | H24: 形势与政策 李银 践行楼101 | I24: 心理健康教育 钟健友 践行楼203 | J24: 晚自习 班会教室 | K24: 形势与政策 李银 践行楼104 | L24: 学籍与考试管理 李含笑 践行楼101 | M24: 校史学习 刘湘力 践行楼401 | N24: 晚自习 班会教室 | O24: 学生管理规定 叶凡 践行楼102 | P24: 形势与政策 李银 践行楼401 | Q24: 资助政策 吴一峰 践行楼101 | R24: 晚自习 班会教室 | U24: 党的知识 邱航 践行楼202 | V24: 晚自习 班会教室 | W24: 形势与政策 李银 践行楼104 | X24: 团课 黎海春 践行楼102 | Y24: 军事理论教育 肖锋 践行楼103 | Z24: 晚自习 班会教室 | AA24: 自主复习 | AB24: 入学教育考试 王隆平 报告厅
A25: 23学前教育6 | B25: 50 | C25: 教材发放 劳动教育 -班主任 | D25: 教材发放 劳动教育 -班主任 | E25: 教材发放 劳动教育 -班主任 | F25: 班级事务 -班主任安排 班会教室 | G25: 安全教育 刘湘力 践行楼401 | H25: 形势与政策 李银 践行楼101 | I25: 心理健康教育 钟健友 践行楼203 | J25: 晚自习 班会教室 | K25: 形势与政策 李银 践行楼104 | L25: 学籍与考试管理 李含笑 践行楼101 | M25: 校史学习 刘湘力 践行楼401 | N25: 晚自习 班会教室 | O25: 学生管理规定 叶凡 践行楼102 | P25: 形势与政策 李银 践行楼401 | Q25: 资助政策 吴一峰 践行楼101 | R25: 晚自习 班会教室 | U25: 党的知识 邱航 践行楼202 | V25: 晚自习 班会教室 | W25: 形势与政策 李银 践行楼104 | X25: 团课 黎海春 践行楼102 | Y25: 军事理论教育 肖锋 践行楼103 | Z25: 晚自习 班会教室 | AA25: 自主复习 | AB25: 入学教育考试 王隆平 报告厅
A26: 空闲教室 | C26: 映荷楼302 映荷楼303 映荷楼305 映荷楼402 映荷楼403 践行楼101 践行楼103 践行楼104 践行楼201 践行楼202 践行楼203 践行楼401 践行楼403 报告厅 | D26: 映荷楼202 映荷楼301 映荷楼302 映荷楼303 映荷楼305 映荷楼402 映荷楼403 映荷楼404 践行楼102 践行楼103 践行楼104 践行楼201 践行楼202 践行楼203 践行楼401 践行楼403 报告厅 | E26: 映荷楼203 映荷楼301 映荷楼302 映荷楼303 映荷楼304 映荷楼305 映荷楼402 映荷楼403 映荷楼404 践行楼101 践行楼103 践行楼104 践行楼201 践行楼202 践行楼203 践行楼401 践行楼403 报告厅 | F26: 映荷楼201 映荷楼202 映荷楼203 映荷楼204 映荷楼303 映荷楼304 践行楼102 践行楼104 践行楼201 践行楼202 践行楼203 践行楼401 践行楼403 报告厅 | G26: 映荷楼201 映荷楼204 映荷楼301 映荷楼302 映荷楼303 映荷楼304 映荷楼305 映荷楼402 映荷楼403 映荷楼404 践行楼104 践行楼403 | H26: 映荷楼201 映荷楼301 映荷楼302 映荷楼303 映荷楼304 映荷楼305 映荷楼402 映荷楼403 映荷楼404 践行楼103 践行楼104 践行楼401 践行楼403 | J26: 映荷楼201 映荷楼202 映荷楼203 映荷楼204 映荷楼303 映荷楼304 践行楼102 践行楼104 践行楼202 践行楼203 践行楼401 践行楼403 | K26: 映荷楼301 映荷楼302 映荷楼303 映荷楼305 映荷楼402 映荷楼403 践行楼401 践行楼403 | L26: 映荷楼203 映荷楼302 映荷楼303 映荷楼305 映荷楼402 映荷楼403 践行楼104 践行楼401 践行楼403 | M26: 映荷楼201 映荷楼301 映荷楼302 映荷楼303 映荷楼304 映荷楼305 映荷楼402 映荷楼403 映荷楼404 践行楼403 | N26: 映荷楼201 映荷楼202 映荷楼203 映荷楼204 映荷楼303 映荷楼304 践行楼102 践行楼104 践行楼203 践行楼401 践行楼403 报告厅 | O26: 映荷楼201 映荷楼302 映荷楼303 映荷楼305 映荷楼402 映荷楼403 映荷楼404 践行楼104 践行楼401 践行楼403 | P26: 映荷楼201 映荷楼302 映荷楼303 映荷楼305 映荷楼402 映荷楼403 践行楼403 | Q26: 映荷楼201 映荷楼203 映荷楼301 映荷楼302 映荷楼303 映荷楼304 映荷楼305 映荷楼402 映荷楼403 践行楼104 践行楼401 践行楼403 | R26: 映荷楼201 映荷楼202 映荷楼203 映荷楼204 映荷楼303 映荷楼304 践行楼102 践行楼104 践行楼202 践行楼203 践行楼401 践行楼403 | S26: 映荷楼202 映荷楼203 映荷楼204 映荷楼301 映荷楼302 映荷楼303 映荷楼304 映荷楼305 映荷楼402 映荷楼403 映荷楼404 践行楼104 践行楼201 践行楼202 践行楼401 践行楼403 报告厅 | T26: 映荷楼203 映荷楼204 映荷楼301 映荷楼302 映荷楼303 映荷楼304 映荷楼305 映荷楼402 映荷楼403 映荷楼404 践行楼104 践行楼401 践行楼403 | U26: 映荷楼103 映荷楼203 映荷楼301 映荷楼302 映荷楼303 映荷楼304 映荷楼305 映荷楼402 映荷楼403 映荷楼404 践行楼401 践行楼403 | V26: 映荷楼201 映荷楼202 映荷楼203 映荷楼204 映荷楼303 映荷楼304 践行楼102 践行楼104 践行楼201 践行楼202 践行楼203 践行楼401 践行楼403 报告厅 | W26: 映荷楼303 映荷楼305 映荷楼402 映荷楼403 践行楼101 践行楼401 践行楼403 | X26: 映荷楼202 映荷楼301 映荷楼302 映荷楼303 映荷楼305 映荷楼402 映荷楼403 映荷楼404 践行楼104 践行楼401 践行楼403 | Y26: 映荷楼203 映荷楼301 映荷楼302 映荷楼303 映荷楼304 映荷楼305 映荷楼402 映荷楼403 映荷楼404 践行楼104 践行楼401 践行楼403 | Z26: 映荷楼201 映荷楼202 映荷楼203 映荷楼204 映荷楼303 映荷楼304 践行楼102 践行楼104 践行楼201 践行楼202 践行楼203 践行楼401 践行楼403 报告厅 | AA26: 映荷楼201 映荷楼204 映荷楼301 映荷楼302 映荷楼303 映荷楼304 映荷楼305 映荷楼402 映荷楼403 映荷楼404 践行楼104 践行楼201 践行楼202 践行楼203 践行楼401 践行楼403 报告厅 | AB26: 映荷楼201 映荷楼301 映荷楼302 映荷楼303 映荷楼304 映荷楼305 映荷楼402 映荷楼403 映荷楼404 践行楼101 践行楼102 践行楼103 践行楼104 践行楼201 践行楼203 践行楼401 践行楼403 报告厅
A27: 备注： 1、入学教育期间，部分班级开设“形势与政策”课程。 2、空余时间，由各班自己安排活动 3、教材发放时间以教务处通知为准 | C27: 45206 | D27: 45206 | E27: 45206 | F27: 45206 | G27: 45207 | H27: 45207 | I27: 45207 | J27: 45207 | K27: 45208 | L27: 45208 | M27: 45208 | N27: 45208 | O27: 45209 | P27: 45209 | Q27: 45209 | R27: 45209 | S27: 45210 | T27: 45210 | U27: 45210 | V27: 45210 | W27: 45211 | X27: 45211 | Y27: 45211 | Z27: 45211 | AA27: 45212 | AB27: 45212

Sheet 单班课表
A1: 2023-2024第一学期入学教育单班课表(10月7日起执行)
A2: 班级 | B2: 23建筑室内设计6 | D2: 班会教室： | E2: =VLOOKUP($B$2,班会教室!A:B,2,0) -> 映荷楼202
A3: 节次 | B3: 1--2 | C3: 3--4 | D3: 5--6 | E3: 7--8
A4: 周六 | B4: =VLOOKUP($B$2,总课表!$A$3:$AC$25,3,0) -> 教材发放 劳动教育 -班主任 | C4: =VLOOKUP($B$2,总课表!$A$3:$AC$25,4,0) -> 教材发放 劳动教育 -班主任 | D4: =VLOOKUP($B$2,总课表!$A$3:$AC$25,5,0) -> 教材发放 劳动教育 -班主任 | E4: =VLOOKUP($B$2,总课表!$A$3:$AC$25,6,0) -> 班级事务 -班主任安排 班会教室
A5: 周日 | B5: =VLOOKUP($B$2,总课表!$A$3:$AC$25,7,0) -> 心理健康教育 钟健友 践行楼203 | C5: =VLOOKUP($B$2,总课表!$A$3:$AC$25,8,0) -> 安全教育 刘湘力 践行楼203 | D5: =VLOOKUP($B$2,总课表!$A$3:$AC$25,9,0) -> 0 | E5: =VLOOKUP($B$2,总课表!$A$3:$AC$25,10,0) -> 晚自习 班会教室
A6: 周一 | B6: =VLOOKUP($B$2,总课表!$A$3:$AC$25,11,0) -> 校史学习 刘湘力 践行楼102 | C6: =VLOOKUP($B$2,总课表!$A$3:$AC$25,12,0) -> 0 | D6: =VLOOKUP($B$2,总课表!$A$3:$AC$25,13,0) -> 学籍与考试管理 李含笑 践行楼102 | E6: =VLOOKUP($B$2,总课表!$A$3:$AC$25,14,0) -> 晚自习 班会教室
A7: 周二 | B7: =VLOOKUP($B$2,总课表!$A$3:$AC$25,15,0) -> 资助政策 吴一峰 践行楼203 | C7: =VLOOKUP($B$2,总课表!$A$3:$AC$25,16,0) -> 学生管理规定 叶凡 践行楼203 | D7: =VLOOKUP($B$2,总课表!$A$3:$AC$25,17,0) -> 0 | E7: =VLOOKUP($B$2,总课表!$A$3:$AC$25,18,0) -> 晚自习 班会教室
A8: 周三 | B8: =VLOOKUP($B$2,总课表!$A$3:$AC$25,19,0) -> 0 | C8: =VLOOKUP($B$2,总课表!$A$3:$AC$25,20,0) -> 党的知识 邱航 践行楼102 | D8: =VLOOKUP($B$2,总课表!$A$3:$AC$25,21,0) -> 0 | E8: =VLOOKUP($B$2,总课表!$A$3:$AC$25,22,0) -> 晚自习 班会教室
A9: 周四 | B9: =VLOOKUP($B$2,总课表!$A$3:$AC$25,23,0) -> 军事理论教育 肖锋 践行楼202 | C9: =VLOOKUP($B$2,总课表!$A$3:$AC$25,24,0) -> 形势与政策 潘威全 践行楼103 | D9: =VLOOKUP($B$2,总课表!$A$3:$AC$25,25,0) -> 团课 黎海春 践行楼203 | E9: =VLOOKUP($B$2,总课表!$A$3:$AC$25,26,0) -> 晚自习 班会教室
A10: 周五 | B10: =VLOOKUP($B$2,总课表!$A$3:$AC$25,27,0) -> 自主复习 | C10: =VLOOKUP($B$2,总课表!$A$3:$AC$25,28,0) -> 入学教育考试 欧阳瑾 映荷楼402 | D10: =VLOOKUP($B$2,总课表!$A$3:$AC$25,29,0) -> 0 | E10: =VLOOKUP($B$2,班会教室!A:C,3,0) -> 欧阳瑾
A11: 每节课起止时间（课间休息10分钟）： 第1节 08:10-08:55 第2节 09:05-09:50 第3节 映荷楼（10:05-10:50） 践行楼（10:20-11:05） 第4节 映荷楼（11:00-11:45） 践行楼（11:15-12:00 ） 第5节 14:10-14:55 第6节 15:05-15:50 第7、8节 19:00-20:30

Sheet 教师个人课程表
I1: 教师选择： | K1: 潘威全
A2: 班级 节次及时间 | B2: =总课表!B2 -> 人数 | C2: =总课表!C2 -> 六1∽2 | D2: =总课表!D2 -> 六3∽4 | E2: =总课表!E2 -> 六5∽6 | F2: =总课表!F2 -> 六7~8 | G2: =总课表!G2 -> 日1∽2 | H2: =总课表!H2 -> 日3∽4 | I2: =总课表!I2 -> 日5∽6 | ... AC2: =总课表!AC2 -> 五5∽6
A3: =总课表!A3 -> 23大数据与会计(五年制) | B3: =总课表!B3 -> 22 | C3: =IF(ISERROR(IF(FIND($K$1,总课表!C3)>1,总课表!C3,"")),"",IF(FIND($K$1,总课表!C3)>0,总课表!C3,"")) | D3: =IF(ISERROR(IF(FIND($K$1,总课表!D3)>1,总课表!D3,"")),"",IF(FIND($K$1,总课表!D3)>0,总课表!D3,"")) | E3: =IF(ISERROR(IF(FIND($K$1,总课表!E3)>1,总课表!E3,"")),"",IF(FIND($K$1,总课表!E3)>0,总课表!E3,"")) | F3: =IF(ISERROR(IF(FIND($K$1,总课表!F3)>1,总课表!F3,"")),"",IF(FIND($K$1,总课表!F3)>0,总课表!F3,"")) | G3: =IF(ISERROR(IF(FIND($K$1,总课表!G3)>1,总课表!G3,"")),"",IF(FIND($K$1,总课表!G3)>0,总课表!G3,"")) | H3: =IF(ISERROR(IF(FIND($K$1,总课表!H3)>1,总课表!H3,"")),"",IF(FIND($K$1,总课表!H3)>0,总课表!H3,"")) | I3: =IF(ISERROR(IF(FIND($K$1,总课表!I3)>1,总课表!I3,"")),"",IF(FIND($K$1,总课表!I3)>0,总课表!I3,"")) | J3: =IF(ISERROR(IF(FIND($K$1,总课表!J3)>1,总课表!J3,"")),"",IF(FIND($K$1,总课表!J3)>0,总课表!J3,"")) | ... AC3: =IF(ISERROR(IF(FIND($K$1,总课表!AC3)>1,总课表!AC3,"")),"",IF(FIND($K$1,总课表!AC3)>0,总课表!AC3,""))
A4: =总课表!A4 -> 23计算机应用技术(五年制) | B4: =总课表!B4 -> 30 | C4: =IF(ISERROR(IF(FIND($K$1,总课表!C4)>1,总课表!C4,"")),"",IF(FIND($K$1,总课表!C4)>0,总课表!C4,"")) | D4: =IF(ISERROR(IF(FIND($K$1,总课表!D4)>1,总课表!D4,"")),"",IF(FIND($K$1,总课表!D4)>0,总课表!D4,"")) | E4: =IF(ISERROR(IF(FIND($K$1,总课表!E4)>1,总课表!E4,"")),"",IF(FIND($K$1,总课表!E4)>0,总课表!E4,"")) | F4: =IF(ISERROR(IF(FIND($K$1,总课表!F4)>1,总课表!F4,"")),"",IF(FIND($K$1,总课表!F4)>0,总课表!F4,"")) | G4: =IF(ISERROR(IF(FIND($K$1,总课表!G4)>1,总课表!G4,"")),"",IF(FIND($K$1,总课表!G4)>0,总课表!G4,"")) | H4: =IF(ISERROR(IF(FIND($K$1,总课表!H4)>1,总课表!H4,"")),"",IF(FIND($K$1,总课表!H4)>0,总课表!H4,"")) | I4: =IF(ISERROR(IF(FIND($K$1,总课表!I4)>1,总课表!I4,"")),"",IF(FIND($K$1,总课表!I4)>0,总课表!I4,"")) | J4: =IF(ISERROR(IF(FIND($K$1,总课表!J4)>1,总课表!J4,"")),"",IF(FIND($K$1,总课表!J4)>0,总课表!J4,"")) | ... AC4: =IF(ISERROR(IF(FIND($K$1,总课表!AC4)>1,总课表!AC4,"")),"",IF(FIND($K$1,总课表!AC4)>0,总课表!AC4,""))
A5: =总课表!A5 -> 23工程造价1 | B5: =总课表!B5 -> 60 | C5: =IF(ISERROR(IF(FIND($K$1,总课表!C5)>1,总课表!C5,"")),"",IF(FIND($K$1,总课表!C5)>0,总课表!C5,"")) | D5: =IF(ISERROR(IF(FIND($K$1,总课表!D5)>1,总课表!D5,"")),"",IF(FIND($K$1,总课表!D5)>0,总课表!D5,"")) | E5: =IF(ISERROR(IF(FIND($K$1,总课表!E5)>1,总课表!E5,"")),"",IF(FIND($K$1,总课表!E5)>0,总课表!E5,"")) | F5: =IF(ISERROR(IF(FIND($K$1,总课表!F5)>1,总课表!F5,"")),"",IF(FIND($K$1,总课表!F5)>0,总课表!F5,"")) | G5: =IF(ISERROR(IF(FIND($K$1,总课表!G5)>1,总课表!G5,"")),"",IF(FIND($K$1,总课表!G5)>0,总课表!G5,"")) | H5: =IF(ISERROR(IF(FIND($K$1,总课表!H5)>1,总课表!H5,"")),"",IF(FIND($K$1,总课表!H5)>0,总课表!H5,"")) | I5: =IF(ISERROR(IF(FIND($K$1,总课表!I5)>1,总课表!I5,"")),"",IF(FIND($K$1,总课表!I5)>0,总课表!I5,"")) | J5: =IF(ISERROR(IF(FIND($K$1,总课表!J5)>1,总课表!J5,"")),"",IF(FIND($K$1,总课表!J5)>0,总课表!J5,"")) | ... AC5: =IF(ISERROR(IF(FIND($K$1,总课表!AC5)>1,总课表!AC5,"")),"",IF(FIND($K$1,总课表!AC5)>0,总课表!AC5,""))
A6: =总课表!A6 -> 23工程造价2 | B6: =总课表!B6 -> 52 | C6: =IF(ISERROR(IF(FIND($K$1,总课表!C6)>1,总课表!C6,"")),"",IF(FIND($K$1,总课表!C6)>0,总课表!C6,"")) | D6: =IF(ISERROR(IF(FIND($K$1,总课表!D6)>1,总课表!D6,"")),"",IF(FIND($K$1,总课表!D6)>0,总课表!D6,"")) | E6: =IF(ISERROR(IF(FIND($K$1,总课表!E6)>1,总课表!E6,"")),"",IF(FIND($K$1,总课表!E6)>0,总课表!E6,"")) | F6: =IF(ISERROR(IF(FIND($K$1,总课表!F6)>1,总课表!F6,"")),"",IF(FIND($K$1,总课表!F6)>0,总课表!F6,"")) | G6: =IF(ISERROR(IF(FIND($K$1,总课表!G6)>1,总课表!G6,"")),"",IF(FIND($K$1,总课表!G6)>0,总课表!G6,"")) | H6: =IF(ISERROR(IF(FIND($K$1,总课表!H6)>1,总课表!H6,"")),"",IF(FIND($K$1,总课表!H6)>0,总课表!H6,"")) | I6: =IF(ISERROR(IF(FIND($K$1,总课表!I6)>1,总课表!I6,"")),"",IF(FIND($K$1,总课表!I6)>0,总课表!I6,"")) | J6: =IF(ISERROR(IF(FIND($K$1,总课表!J6)>1,总课表!J6,"")),"",IF(FIND($K$1,总课表!J6)>0,总课表!J6,"")) | ... AC6: =IF(ISERROR(IF(FIND($K$1,总课表!AC6)>1,总课表!AC6,"")),"",IF(FIND($K$1,总课表!AC6)>0,总课表!AC6,""))
A7: =总课表!A7 -> 23工程造价3 | B7: =总课表!B7 -> 52 | C7: =IF(ISERROR(IF(FIND($K$1,总课表!C7)>1,总课表!C7,"")),"",IF(FIND($K$1,总课表!C7)>0,总课表!C7,"")) | D7: =IF(ISERROR(IF(FIND($K$1,总课表!D7)>1,总课表!D7,"")),"",IF(FIND($K$1,总课表!D7)>0,总课表!D7,"")) | E7: =IF(ISERROR(IF(FIND($K$1,总课表!E7)>1,总课表!E7,"")),"",IF(FIND($K$1,总课表!E7)>0,总课表!E7,"")) | F7: =IF(ISERROR(IF(FIND($K$1,总课表!F7)>1,总课表!F7,"")),"",IF(FIND($K$1,总课表!F7)>0,总课表!F7,"")) | G7: =IF(ISERROR(IF(FIND($K$1,总课表!G7)>1,总课表!G7,"")),"",IF(FIND($K$1,总课表!G7)>0,总课表!G7,"")) | H7: =IF(ISERROR(IF(FIND($K$1,总课表!H7)>1,总课表!H7,"")),"",IF(FIND($K$1,总课表!H7)>0,总课表!H7,"")) | I7: =IF(ISERROR(IF(FIND($K$1,总课表!I7)>1,总课表!I7,"")),"",IF(FIND($K$1,总课表!I7)>0,总课表!I7,"")) | J7: =IF(ISERROR(IF(FIND($K$1,总课表!J7)>1,总课表!J7,"")),"",IF(FIND($K$1,总课表!J7)>0,总课表!J7,"")) | ... AC7: =IF(ISERROR(IF(FIND($K$1,总课表!AC7)>1,总课表!AC7,"")),"",IF(FIND($K$1,总课表!AC7)>0,总课表!AC7,""))
A8: =总课表!A8 -> 23学前教育4 | B8: =总课表!B8 -> 54 | C8: =IF(ISERROR(IF(FIND($K$1,总课表!C8)>1,总课表!C8,"")),"",IF(FIND($K$1,总课表!C8)>0,总课表!C8,"")) | D8: =IF(ISERROR(IF(FIND($K$1,总课表!D8)>1,总课表!D8,"")),"",IF(FIND($K$1,总课表!D8)>0,总课表!D8,"")) | E8: =IF(ISERROR(IF(FIND($K$1,总课表!E8)>1,总课表!E8,"")),"",IF(FIND($K$1,总课表!E8)>0,总课表!E8,"")) | F8: =IF(ISERROR(IF(FIND($K$1,总课表!F8)>1,总课表!F8,"")),"",IF(FIND($K$1,总课表!F8)>0,总课表!F8,"")) | G8: =IF(ISERROR(IF(FIND($K$1,总课表!G8)>1,总课表!G8,"")),"",IF(FIND($K$1,总课表!G8)>0,总课表!G8,"")) | H8: =IF(ISERROR(IF(FIND($K$1,总课表!H8)>1,总课表!H8,"")),"",IF(FIND($K$1,总课表!H8)>0,总课表!H8,"")) | I8: =IF(ISERROR(IF(FIND($K$1,总课表!I8)>1,总课表!I8,"")),"",IF(FIND($K$1,总课表!I8)>0,总课表!I8,"")) | J8: =IF(ISERROR(IF(FIND($K$1,总课表!J8)>1,总课表!J8,"")),"",IF(FIND($K$1,总课表!J8)>0,总课表!J8,"")) | ... AC8: =IF(ISERROR(IF(FIND($K$1,总课表!AC8)>1,总课表!AC8,"")),"",IF(FIND($K$1,总课表!AC8)>0,总课表!AC8,""))
A9: =总课表!A9 -> 23工程测量技术 | B9: =总课表!B9 -> 67 | C9: =IF(ISERROR(IF(FIND($K$1,总课表!C9)>1,总课表!C9,"")),"",IF(FIND($K$1,总课表!C9)>0,总课表!C9,"")) | D9: =IF(ISERROR(IF(FIND($K$1,总课表!D9)>1,总课表!D9,"")),"",IF(FIND($K$1,总课表!D9)>0,总课表!D9,"")) | E9: =IF(ISERROR(IF(FIND($K$1,总课表!E9)>1,总课表!E9,"")),"",IF(FIND($K$1,总课表!E9)>0,总课表!E9,"")) | F9: =IF(ISERROR(IF(FIND($K$1,总课表!F9)>1,总课表!F9,"")),"",IF(FIND($K$1,总课表!F9)>0,总课表!F9,"")) | G9: =IF(ISERROR(IF(FIND($K$1,总课表!G9)>1,总课表!G9,"")),"",IF(FIND($K$1,总课表!G9)>0,总课表!G9,"")) | H9: =IF(ISERROR(IF(FIND($K$1,总课表!H9)>1,总课表!H9,"")),"",IF(FIND($K$1,总课表!H9)>0,总课表!H9,"")) | I9: =IF(ISERROR(IF(FIND($K$1,总课表!I9)>1,总课表!I9,"")),"",IF(FIND($K$1,总课表!I9)>0,总课表!I9,"")) | J9: =IF(ISERROR(IF(FIND($K$1,总课表!J9)>1,总课表!J9,"")),"",IF(FIND($K$1,总课表!J9)>0,总课表!J9,"")) | ... AC9: =IF(ISERROR(IF(FIND($K$1,总课表!AC9)>1,总课表!AC9,"")),"",IF(FIND($K$1,总课表!AC9)>0,总课表!AC9,""))
A10: =总课表!A10 -> 23建设工程管理 | B10: =总课表!B10 -> 45 | C10: =IF(ISERROR(IF(FIND($K$1,总课表!C10)>1,总课表!C10,"")),"",IF(FIND($K$1,总课表!C10)>0,总课表!C10,"")) | D10: =IF(ISERROR(IF(FIND($K$1,总课表!D10)>1,总课表!D10,"")),"",IF(FIND($K$1,总课表!D10)>0,总课表!D10,"")) | E10: =IF(ISERROR(IF(FIND($K$1,总课表!E10)>1,总课表!E10,"")),"",IF(FIND($K$1,总课表!E10)>0,总课表!E10,"")) | F10: =IF(ISERROR(IF(FIND($K$1,总课表!F10)>1,总课表!F10,"")),"",IF(FIND($K$1,总课表!F10)>0,总课表!F10,"")) | G10: =IF(ISERROR(IF(FIND($K$1,总课表!G10)>1,总课表!G10,"")),"",IF(FIND($K$1,总课表!G10)>0,总课表!G10,"")) | H10: =IF(ISERROR(IF(FIND($K$1,总课表!H10)>1,总课表!H10,"")),"",IF(FIND($K$1,总课表!H10)>0,总课表!H10,"")) | I10: =IF(ISERROR(IF(FIND($K$1,总课表!I10)>1,总课表!I10,"")),"",IF(FIND($K$1,总课表!I10)>0,总课表!I10,"")) | J10: =IF(ISERROR(IF(FIND($K$1,总课表!J10)>1,总课表!J10,"")),"",IF(FIND($K$1,总课表!J10)>0,总课表!J10,"")) | ... AC10: =IF(ISERROR(IF(FIND($K$1,总课表!AC10)>1,总课表!AC10,"")),"",IF(FIND($K$1,总课表!AC10)>0,总课表!AC10,""))
A11: =总课表!A11 -> 23建筑工程技术1 | B11: =总课表!B11 -> 50 | C11: =IF(ISERROR(IF(FIND($K$1,总课表!C11)>1,总课表!C11,"")),"",IF(FIND($K$1,总课表!C11)>0,总课表!C11,"")) | D11: =IF(ISERROR(IF(FIND($K$1,总课表!D11)>1,总课表!D11,"")),"",IF(FIND($K$1,总课表!D11)>0,总课表!D11,"")) | E11: =IF(ISERROR(IF(FIND($K$1,总课表!E11)>1,总课表!E11,"")),"",IF(FIND($K$1,总课表!E11)>0,总课表!E11,"")) | F11: =IF(ISERROR(IF(FIND($K$1,总课表!F11)>1,总课表!F11,"")),"",IF(FIND($K$1,总课表!F11)>0,总课表!F11,"")) | G11: =IF(ISERROR(IF(FIND($K$1,总课表!G11)>1,总课表!G11,"")),"",IF(FIND($K$1,总课表!G11)>0,总课表!G11,"")) | H11: =IF(ISERROR(IF(FIND($K$1,总课表!H11)>1,总课表!H11,"")),"",IF(FIND($K$1,总课表!H11)>0,总课表!H11,"")) | I11: =IF(ISERROR(IF(FIND($K$1,总课表!I11)>1,总课表!I11,"")),"",IF(FIND($K$1,总课表!I11)>0,总课表!I11,"")) | J11: =IF(ISERROR(IF(FIND($K$1,总课表!J11)>1,总课表!J11,"")),"",IF(FIND($K$1,总课表!J11)>0,总课表!J11,"")) | ... AC11: =IF(ISERROR(IF(FIND($K$1,总课表!AC11)>1,总课表!AC11,"")),"",IF(FIND($K$1,总课表!AC11)>0,总课表!AC11,""))
A12: =总课表!A12 -> 23建筑工程技术2 | B12: =总课表!B12 -> 45 | C12: =IF(ISERROR(IF(FIND($K$1,总课表!C12)>1,总课表!C12,"")),"",IF(FIND($K$1,总课表!C12)>0,总课表!C12,"")) | D12: =IF(ISERROR(IF(FIND($K$1,总课表!D12)>1,总课表!D12,"")),"",IF(FIND($K$1,总课表!D12)>0,总课表!D12,"")) | E12: =IF(ISERROR(IF(FIND($K$1,总课表!E12)>1,总课表!E12,"")),"",IF(FIND($K$1,总课表!E12)>0,总课表!E12,"")) | F12: =IF(ISERROR(IF(FIND($K$1,总课表!F12)>1,总课表!F12,"")),"",IF(FIND($K$1,总课表!F12)>0,总课表!F12,"")) | G12: =IF(ISERROR(IF(FIND($K$1,总课表!G12)>1,总课表!G12,"")),"",IF(FIND($K$1,总课表!G12)>0,总课表!G12,"")) | H12: =IF(ISERROR(IF(FIND($K$1,总课表!H12)>1,总课表!H12,"")),"",IF(FIND($K$1,总课表!H12)>0,总课表!H12,"")) | I12: =IF(ISERROR(IF(FIND($K$1,总课表!I12)>1,总课表!I12,"")),"",IF(FIND($K$1,总课表!I12)>0,总课表!I12,"")) | J12: =IF(ISERROR(IF(FIND($K$1,总课表!J12)>1,总课表!J12,"")),"",IF(FIND($K$1,总课表!J12)>0,总课表!J12,"")) | ... AC12: =IF(ISERROR(IF(FIND($K$1,总课表!AC12)>1,总课表!AC12,"")),"",IF(FIND($K$1,总课表!AC12)>0,总课表!AC12,""))
A13: =总课表!A13 -> 23建筑工程技术3 | B13: =总课表!B13 -> 41 | C13: =IF(ISERROR(IF(FIND($K$1,总课表!C13)>1,总课表!C13,"")),"",IF(FIND($K$1,总课表!C13)>0,总课表!C13,"")) | D13: =IF(ISERROR(IF(FIND($K$1,总课表!D13)>1,总课表!D13,"")),"",IF(FIND($K$1,总课表!D13)>0,总课表!D13,"")) | E13: =IF(ISERROR(IF(FIND($K$1,总课表!E13)>1,总课表!E13,"")),"",IF(FIND($K$1,总课表!E13)>0,总课表!E13,"")) | F13: =IF(ISERROR(IF(FIND($K$1,总课表!F13)>1,总课表!F13,"")),"",IF(FIND($K$1,总课表!F13)>0,总课表!F13,"")) | G13: =IF(ISERROR(IF(FIND($K$1,总课表!G13)>1,总课表!G13,"")),"",IF(FIND($K$1,总课表!G13)>0,总课表!G13,"")) | H13: =IF(ISERROR(IF(FIND($K$1,总课表!H13)>1,总课表!H13,"")),"",IF(FIND($K$1,总课表!H13)>0,总课表!H13,"")) | I13: =IF(ISERROR(IF(FIND($K$1,总课表!I13)>1,总课表!I13,"")),"",IF(FIND($K$1,总课表!I13)>0,总课表!I13,"")) | J13: =IF(ISERROR(IF(FIND($K$1,总课表!J13)>1,总课表!J13,"")),"",IF(FIND($K$1,总课表!J13)>0,总课表!J13,"")) | ... AC13: =IF(ISERROR(IF(FIND($K$1,总课表!AC13)>1,总课表!AC13,"")),"",IF(FIND($K$1,总课表!AC13)>0,总课表!AC13,""))
A14: =总课表!A14 -> 23建筑室内设计1 | B14: =总课表!B14 -> 52 | C14: =IF(ISERROR(IF(FIND($K$1,总课表!C14)>1,总课表!C14,"")),"",IF(FIND($K$1,总课表!C14)>0,总课表!C14,"")) | D14: =IF(ISERROR(IF(FIND($K$1,总课表!D14)>1,总课表!D14,"")),"",IF(FIND($K$1,总课表!D14)>0,总课表!D14,"")) | E14: =IF(ISERROR(IF(FIND($K$1,总课表!E14)>1,总课表!E14,"")),"",IF(FIND($K$1,总课表!E14)>0,总课表!E14,"")) | F14: =IF(ISERROR(IF(FIND($K$1,总课表!F14)>1,总课表!F14,"")),"",IF(FIND($K$1,总课表!F14)>0,总课表!F14,"")) | G14: =IF(ISERROR(IF(FIND($K$1,总课表!G14)>1,总课表!G14,"")),"",IF(FIND($K$1,总课表!G14)>0,总课表!G14,"")) | H14: =IF(ISERROR(IF(FIND($K$1,总课表!H14)>1,总课表!H14,"")),"",IF(FIND($K$1,总课表!H14)>0,总课表!H14,"")) | I14: =IF(ISERROR(IF(FIND($K$1,总课表!I14)>1,总课表!I14,"")),"",IF(FIND($K$1,总课表!I14)>0,总课表!I14,"")) | J14: =IF(ISERROR(IF(FIND($K$1,总课表!J14)>1,总课表!J14,"")),"",IF(FIND($K$1,总课表!J14)>0,总课表!J14,"")) | ... AC14: =IF(ISERROR(IF(FIND($K$1,总课表!AC14)>1,总课表!AC14,"")),"",IF(FIND($K$1,总课表!AC14)>0,总课表!AC14,""))
... A25: =总课表!A25 -> 23学前教育6 | B25: =总课表!B25 -> 50 | C25: =IF(ISERROR(IF(FIND($K$1,总课表!C25)>1,总课表!C25,"")),"",IF(FIND($K$1,总课表!C25)>0,总课表!C25,"")) | D25: =IF(ISERROR(IF(FIND($K$1,总课表!D25)>1,总课表!D25,"")),"",IF(FIND($K$1,总课表!D25)>0,总课表!D25,"")) | E25: =IF(ISERROR(IF(FIND($K$1,总课表!E25)>1,总课表!E25,"")),"",IF(FIND($K$1,总课表!E25)>0,总课表!E25,"")) | F25: =IF(ISERROR(IF(FIND($K$1,总课表!F25)>1,总课表!F25,"")),"",IF(FIND($K$1,总课表!F25)>0,总课表!F25,"")) | G25: =IF(ISERROR(IF(FIND($K$1,总课表!G25)>1,总课表!G25,"")),"",IF(FIND($K$1,总课表!G25)>0,总课表!G25,"")) | H25: =IF(ISERROR(IF(FIND($K$1,总课表!H25)>1,总课表!H25,"")),"",IF(FIND($K$1,总课表!H25)>0,总课表!H25,"")) | I25: =IF(ISERROR(IF(FIND($K$1,总课表!I25)>1,总课表!I25,"")),"",IF(FIND($K$1,总课表!I25)>0,总课表!I25,"")) | J25: =IF(ISERROR(IF(FIND($K$1,总课表!J25)>1,总课表!J25,"")),"",IF(FIND($K$1,总课表!J25)>0,总课表!J25,"")) | ... AC25: =IF(ISERROR(IF(FIND($K$1,总课表!AC25)>1,总课表!AC25,"")),"",IF(FIND($K$1,总课表!AC25)>0,总课表!AC25,""))

Sheet 班会教室
A1: 23大数据与会计(五年制) | B1: 践行楼403 | C1: 曾舒琪
A2: 23计算机应用技术(五年制) | B2: 践行楼403 | C2: 曾舒琪
A3: 23工程造价1 | B3: 践行楼201 | C3: 黎海春
A4: 23工程造价2 | B4: 践行楼201 | C4: 黎海春
A5: 23工程造价3 | B5: 践行楼102 | C5: 肖继林
A6: 23工程测量技术 | B6: 践行楼102 | C6: 肖继林
A7: 23建设工程管理 | B7: 映荷楼304 | C7: 廖静
A8: 23建筑工程技术1 | B8: 践行楼203 | C8: 叶群群
A9: 23建筑工程技术2 | B9: 践行楼203 | C9: 叶群群
A10: 23建筑工程技术3 | B10: 映荷楼204 | C10: 张涛
A11: 23建筑室内设计1 | B11: 映荷楼203 | C11: 黄子豪
A12: 23建筑室内设计2 | B12: 践行楼202 | C12: 陈燕
... A23: 23学前教育7 | B23: 报告厅 | C23: 王隆平

Sheet 教师姓名
A1: 李含笑 | B1: =2*C1 -> 32.18 | C1: =($E$1-$F$1-$H$1*45)*0.01+$H$1 -> 16.09 | D1: 1 | E1: =SUM(总课表!B3:B25) -> 1105 | F1: =总课表!B18 -> 46 | G1: =SUM(总课表!B3:B18) -> 772 | H1: 10 | I1: 3 | J1: 3
A2: 黎海春 | B2: =2*C2 -> 32.18 | C2: =($E$1-$F$1-$H$1*45)*0.01+$H$1 -> 16.09 | D2: 1 | E2: 总人数 | F2: 一次单班课人数 | G2: 3次报告厅人数 | H2: 10次合班课 | I2: 3次合班课 | J2: 3次报告厅
A3: 钟健友 | B3: =2*C3 -> 21.96 | C3: =($E$1-$G$1-45*$I$1)*0.01+$I$1+$J$1*2 -> 10.98
A4: 叶凡 | B4: =2*C4 -> 32.18 | C4: =($E$1-$F$1-$H$1*45)*0.01+$H$1 -> 16.09
A5: 刘湘力 | B5: =2*C5 -> 43.92 | C5: =2*(($E$1-$G$1-45*$I$1)*0.01+$I$1+$J$1*2) -> 21.96
A6: 吴一峰 | B6: =2*C6 -> 32.18 | C6: =($E$1-$F$1-$H$1*45)*0.01+$H$1 -> 16.09
A7: 肖锋 | B7: =2*C7 -> 21.96 | C7: =($E$1-$G$1-45*$I$1)*0.01+$I$1+$J$1*2 -> 10.98
A8: 邱航 | B8: =2*C8 -> 21.96 | C8: =($E$1-$G$1-45*$I$1)*0.01+$I$1+$J$1*2 -> 10.98
A9: 李银 | B9: =2*C9 -> 68.5 | C9: =SUM(D9:G9) -> 34.25 | D9: =5*((112-45)*0.01+1) -> 8.35 | E9: =5*((108-45)*0.01+1) -> 8.15 | F9: =5*((141-45)*0.01+1) -> 9.8 | G9: =5*((104-45)*0.01+1) -> 7.95 | K9: 形式与政策
A10: 潘威全 | B10: =2*C10 -> 91.8 | C10: =SUM(D10:I10) -> 45.9 | D10: =5*((119-45)*0.01+1) -> 8.7 | E10: =5*((103-45)*0.01+1) -> 7.9 | F10: =5*((86-45)*0.01+1) -> 7.05 | G10: =5*((95-45)*0.01+1) -> 7.5 | H10: =5*((105-45)*0.01+1) -> 8 | I10: =5*((80-45)*0.01+1) -> 6.75 | K10: 形式与政策
